,1,1,1,1,1,2,2,2,2,2,3,3,3,3,3,4,4,4,4,4,5,5,5,5,5
,total,doc_calls,var_calls,api_name,var_name,total,doc_calls,var_calls,api_name,var_name,total,doc_calls,var_calls,api_name,var_name,total,doc_calls,var_calls,api_name,var_name,total,doc_calls,var_calls,api_name,var_name
1,0,0,0,,,0,0,0,,,0,0,0,,,0,0,0,,,0,0,0,,
1c,0,0,0,,,0,0,0,,,0,0,0,,,0,0,0,,,0,0,0,,
2,3,1,0,,,1,1,0,,,3,1,0,,,3,1,0,,,3,1,0,,
2c,0,0,0,,,0,0,0,,,0,0,0,,,1,1,0,,,0,0,0,,
4,2,2,0,,,2,2,0,,,2,2,0,,,2,2,0,,,2,2,0,,
4c,0,0,0,,,0,0,0,,,0,0,0,,,0,0,0,,,0,0,0,,
6,0,0,0,,,0,0,0,,,0,0,0,,,0,0,0,,,0,0,0,,
6c,0,0,0,,,0,0,0,,,0,0,0,,,0,0,0,,,0,0,0,,
8,0,0,0,,,0,0,0,,,0,0,0,,,0,0,0,,,0,0,0,,
8c,0,0,0,,,0,0,0,,,0,0,0,,,0,0,0,,,1,1,0,,
10,0,0,0,,,0,0,0,,,0,0,0,,,0,0,0,,,0,0,0,,
10c,0,0,0,,,0,0,0,,,1,1,0,lmplot,,0,0,0,,,1,1,0,lmplot,
18,0,0,0,,,0,0,0,,,0,0,0,,,0,0,0,,,0,0,0,,
18c,0,0,0,,,0,0,0,,,0,0,0,,,0,0,0,,,0,0,0,,
19,0,0,0,,,0,0,0,,,0,0,0,,,0,0,0,,,0,0,0,,
19c,0,0,0,,,0,0,0,,,0,0,0,,,0,0,0,,,0,0,0,,
22,1,1,0,,,1,1,0,,,0,0,0,,,1,1,0,,,0,0,0,,
22c,0,0,0,,,0,0,0,,,0,0,0,,,0,0,0,,,0,0,0,,
23,0,0,0,,,0,0,0,,,1,1,0,heatmap,,0,0,0,,,0,0,0,,
23c,2,2,0,heatmap,,2,1,1,heatmap,,2,2,0,heatmap,,2,2,0,heatmap,,2,2,0,heatmap,
24,0,0,0,,,0,0,0,,,0,0,0,,,0,0,0,,,0,0,0,,
24c,0,0,0,,,0,0,0,,,0,0,0,,,0,0,0,,,0,0,0,,
26,1,1,0,insert,,1,1,0,insert,,1,1,0,insert,,1,1,0,insert,,1,1,0,insert,
26c,1,1,0,insert,,1,1,0,insert,,1,1,0,insert,,1,1,0,insert,,1,1,0,insert,
28,0,0,0,,,0,0,0,,,0,0,0,,,0,0,0,,,0,0,0,,
28c,0,0,0,,,0,0,0,,,0,0,0,,,0,0,0,,,0,0,0,,
30,0,0,0,,,0,0,0,,,0,0,0,,,0,0,0,,,0,0,0,,
30c,0,0,0,,,0,0,0,,,0,0,0,,,0,0,0,,,0,0,0,,
31,0,0,0,,,0,0,0,,,0,0,0,,,0,0,0,,,0,0,0,,
31c,0,0,0,,,0,0,0,,,0,0,0,,,0,0,0,,,0,0,0,,
33,1,1,0,,,0,0,0,,,0,0,0,,,0,0,0,,,1,1,0,,
33c,0,0,0,,,0,0,0,,,0,0,0,,,0,0,0,,,0,0,0,,
34.1,0,0,0,,,0,0,0,,,0,0,0,,,0,0,0,,,0,0,0,,
34.1c,0,0,0,,,0,0,0,,,0,0,0,,,0,0,0,,,0,0,0,,
39,0,0,0,,,0,0,0,,,0,0,0,,,0,0,0,,,0,0,0,,
39c,0,0,0,,,0,0,0,,,0,0,0,,,0,0,0,,,0,0,0,,
40.1,0,0,0,,,0,0,0,,,0,0,0,,,0,0,0,,,0,0,0,,
40.1c,0,0,0,,,0,0,0,,,0,0,0,,,0,0,0,,,0,0,0,,
42,0,0,0,,,0,0,0,,,0,0,0,,,0,0,0,,,0,0,0,,
42c,0,0,0,,,0,0,0,,,0,0,0,,,0,0,0,,,0,0,0,,
43,0,0,0,,,0,0,0,,,0,0,0,,,0,0,0,,,0,0,0,,
43c,0,0,0,,,0,0,0,,,0,0,0,,,0,0,0,,,0,0,0,,
44,0,0,0,,,0,0,0,,,0,0,0,,,0,0,0,,,0,0,0,,
44c,0,0,0,,,0,0,0,,,0,0,0,,,0,0,0,,,0,0,0,,
47,0,0,0,,,0,0,0,,,0,0,0,,,0,0,0,,,0,0,0,,
47c,0,0,0,,,0,0,0,,,0,0,0,,,0,0,0,,,0,0,0,,
48,0,0,0,,,0,0,0,,,0,0,0,,,0,0,0,,,0,0,0,,
48c,0,0,0,,,0,0,0,,,0,0,0,,,0,0,0,,,0,0,0,,
49,0,0,0,,,0,0,0,,,0,0,0,,,1,1,0,,,0,0,0,,
49c,0,0,0,,,0,0,0,,,0,0,0,,,0,0,0,,,0,0,0,,
50,0,0,0,,,0,0,0,,,0,0,0,,,0,0,0,,,0,0,0,,
50c,0,0,0,,,0,0,0,,,0,0,0,,,0,0,0,,,0,0,0,,
153,0,0,0,,,0,0,0,,,0,0,0,,,0,0,0,,,0,0,0,,
153c,0,0,0,,,0,0,0,,,0,0,0,,,0,0,0,,,0,0,0,,
226,0,0,0,,,0,0,0,,,0,0,0,,,0,0,0,,,0,0,0,,
226c,0,0,0,,,0,0,0,,,0,0,0,,,0,0,0,,,0,0,0,,
930,0,0,0,,,0,0,0,,,0,0,0,,,0,0,0,,,0,0,0,,
930c,0,0,0,,,0,0,0,,,0,0,0,,,0,0,0,,,0,0,0,,
1732,0,0,0,,,0,0,0,,,0,0,0,,,0,0,0,,,0,0,0,,
1732c,0,0,0,,,0,0,0,,,1,1,0,,,1,1,0,,,1,1,0,,
1933,1,1,0,amin,,1,1,0,amin,,1,1,0,amin,,1,1,0,amin,,1,1,0,amin,
1933c,0,0,0,,,0,0,0,,,1,1,0,amin,,0,0,0,,,1,1,0,amin,
2750,0,0,0,,,0,0,0,,,1,1,0,roc_auc_score,,0,0,0,,,0,0,0,,
2750c,0,0,0,,,0,0,0,,,0,0,0,,,0,0,0,,,0,0,0,,
3010,0,0,0,,,0,0,0,,,0,0,0,,,0,0,0,,,0,0,0,,
3010c,0,0,0,,,0,0,0,,,0,0,0,,,0,0,0,,,0,0,0,,
3046,0,0,0,,,0,0,0,,,0,0,0,,,0,0,0,,,0,0,0,,
3046c,0,0,0,,,0,0,0,,,0,0,0,,,0,0,0,,,0,0,0,,
3893,0,0,0,,,0,0,0,,,0,0,0,,,0,0,0,,,0,0,0,,
3893c,0,0,0,,,0,0,0,,,0,0,0,,,0,0,0,,,0,0,0,,
4617,0,0,0,,,0,0,0,,,0,0,0,,,0,0,0,,,0,0,0,,
4617c,1,1,0,intersect1d,,1,1,0,intersect1d,,1,1,0,intersect1d,,1,1,0,intersect1d,,1,1,0,intersect1d,
4714,0,0,0,,,0,0,0,,,0,0,0,,,0,0,0,,,0,0,0,,
4714c,0,0,0,,,0,0,0,,,0,0,0,,,0,0,0,,,0,0,0,,
4780,0,0,0,,,0,0,0,,,0,0,0,,,0,0,0,,,0,0,0,,
4780c,0,0,0,,,0,0,0,,,0,0,0,,,0,0,0,,,0,0,0,,
